{
  "质押": [
    "number",
    "obj-per",
    "collateral",
    "date",
    "sub-per",
    "obj-org",
    "proportion",
    "sub-org",
    "money"
  ],
  "股份股权转让": [
    "number",
    "target-company",
    "obj-per",
    "date",
    "collateral",
    "sub-per",
    "obj-org",
    "proportion",
    "sub-org",
    "money"
  ],
  "投资": ["money", "date", "sub", "obj"],
  "减持": ["share-per", "share-org", "obj", "date", "sub", "title"],
  "起诉": ["obj-per", "date", "sub-per", "obj-org", "sub-org"],
  "收购": [
    "number",
    "date",
    "sub-per",
    "obj-org",
    "proportion",
    "sub-org",
    "money",
    "way"
  ],
  "判决": [
    "obj-per",
    "date",
    "sub-per",
    "obj-org",
    "sub-org",
    "institution",
    "money"
  ],
  "签署合同": ["obj-per", "date", "amount", "sub-per", "obj-org", "sub-org"],
  "担保": ["date", "amount", "obj-org", "sub-per", "sub-org", "way"],
  "中标": ["amount", "date", "sub", "obj"]
}
