{
    "NA": 0,
    "be-born": 1,
    "marry": 2,
    "divorce": 3,
    "injure": 4,
    "die": 5,
    "transport": 6,
    "start-position": 7,
    "end-position": 8,
    "elect": 9,
    "nominate": 10,
    "arrest-jail": 11,
    "release-parole": 12,
    "trial-hearing": 13,
    "charge-indict": 14,
    "sue": 15,
    "convict": 16,
    "sentence": 17,
    "fine": 18,
    "execute": 19,
    "extradite": 20,
    "accquit": 21,
    "appeal": 22,
    "pardon": 23,
    "transfer-ownership": 24,
    "transfer-money": 25,
    "start-org": 26,
    "end-org": 27,
    "merge-org": 28,
    "declare-bankruptcy": 29,
    "attack": 30,
    "demonstrate": 31,
    "meet": 32,
    "phone-write": 33,
    "natural-disaster": 34,
    "natural-phenomenon": 35
}